cat_id,ps_id,candidate_id,provenance
1,1,CAT1_PS1,Cartesian product of independently thresholded descriptor IDs
1,4,CAT1_PS4,Cartesian product of independently thresholded descriptor IDs
1,12,CAT1_PS12,Cartesian product of independently thresholded descriptor IDs
1,17,CAT1_PS17,Cartesian product of independently thresholded descriptor IDs
1,18,CAT1_PS18,Cartesian product of independently thresholded descriptor IDs
1,20,CAT1_PS20,Cartesian product of independently thresholded descriptor IDs
1,28,CAT1_PS28,Cartesian product of independently thresholded descriptor IDs
1,33,CAT1_PS33,Cartesian product of independently thresholded descriptor IDs
1,36,CAT1_PS36,Cartesian product of independently thresholded descriptor IDs
1,41,CAT1_PS41,Cartesian product of independently thresholded descriptor IDs
2,1,CAT2_PS1,Cartesian product of independently thresholded descriptor IDs
2,4,CAT2_PS4,Cartesian product of independently thresholded descriptor IDs
2,12,CAT2_PS12,Cartesian product of independently thresholded descriptor IDs
2,17,CAT2_PS17,Cartesian product of independently thresholded descriptor IDs
2,18,CAT2_PS18,Cartesian product of independently thresholded descriptor IDs
2,20,CAT2_PS20,Cartesian product of independently thresholded descriptor IDs
2,28,CAT2_PS28,Cartesian product of independently thresholded descriptor IDs
2,33,CAT2_PS33,Cartesian product of independently thresholded descriptor IDs
2,36,CAT2_PS36,Cartesian product of independently thresholded descriptor IDs
2,41,CAT2_PS41,Cartesian product of independently thresholded descriptor IDs
3,1,CAT3_PS1,Cartesian product of independently thresholded descriptor IDs
3,4,CAT3_PS4,Cartesian product of independently thresholded descriptor IDs
3,12,CAT3_PS12,Cartesian product of independently thresholded descriptor IDs
3,17,CAT3_PS17,Cartesian product of independently thresholded descriptor IDs
3,18,CAT3_PS18,Cartesian product of independently thresholded descriptor IDs
3,20,CAT3_PS20,Cartesian product of independently thresholded descriptor IDs
3,28,CAT3_PS28,Cartesian product of independently thresholded descriptor IDs
3,33,CAT3_PS33,Cartesian product of independently thresholded descriptor IDs
3,36,CAT3_PS36,Cartesian product of independently thresholded descriptor IDs
3,41,CAT3_PS41,Cartesian product of independently thresholded descriptor IDs
13,1,CAT13_PS1,Cartesian product of independently thresholded descriptor IDs
13,4,CAT13_PS4,Cartesian product of independently thresholded descriptor IDs
13,12,CAT13_PS12,Cartesian product of independently thresholded descriptor IDs
13,17,CAT13_PS17,Cartesian product of independently thresholded descriptor IDs
13,18,CAT13_PS18,Cartesian product of independently thresholded descriptor IDs
13,20,CAT13_PS20,Cartesian product of independently thresholded descriptor IDs
13,28,CAT13_PS28,Cartesian product of independently thresholded descriptor IDs
13,33,CAT13_PS33,Cartesian product of independently thresholded descriptor IDs
13,36,CAT13_PS36,Cartesian product of independently thresholded descriptor IDs
13,41,CAT13_PS41,Cartesian product of independently thresholded descriptor IDs
14,1,CAT14_PS1,Cartesian product of independently thresholded descriptor IDs
14,4,CAT14_PS4,Cartesian product of independently thresholded descriptor IDs
14,12,CAT14_PS12,Cartesian product of independently thresholded descriptor IDs
14,17,CAT14_PS17,Cartesian product of independently thresholded descriptor IDs
14,18,CAT14_PS18,Cartesian product of independently thresholded descriptor IDs
14,20,CAT14_PS20,Cartesian product of independently thresholded descriptor IDs
14,28,CAT14_PS28,Cartesian product of independently thresholded descriptor IDs
14,33,CAT14_PS33,Cartesian product of independently thresholded descriptor IDs
14,36,CAT14_PS36,Cartesian product of independently thresholded descriptor IDs
14,41,CAT14_PS41,Cartesian product of independently thresholded descriptor IDs
15,1,CAT15_PS1,Cartesian product of independently thresholded descriptor IDs
15,4,CAT15_PS4,Cartesian product of independently thresholded descriptor IDs
15,12,CAT15_PS12,Cartesian product of independently thresholded descriptor IDs
15,17,CAT15_PS17,Cartesian product of independently thresholded descriptor IDs
15,18,CAT15_PS18,Cartesian product of independently thresholded descriptor IDs
15,20,CAT15_PS20,Cartesian product of independently thresholded descriptor IDs
15,28,CAT15_PS28,Cartesian product of independently thresholded descriptor IDs
15,33,CAT15_PS33,Cartesian product of independently thresholded descriptor IDs
15,36,CAT15_PS36,Cartesian product of independently thresholded descriptor IDs
15,41,CAT15_PS41,Cartesian product of independently thresholded descriptor IDs
25,1,CAT25_PS1,Cartesian product of independently thresholded descriptor IDs
25,4,CAT25_PS4,Cartesian product of independently thresholded descriptor IDs
25,12,CAT25_PS12,Cartesian product of independently thresholded descriptor IDs
25,17,CAT25_PS17,Cartesian product of independently thresholded descriptor IDs
25,18,CAT25_PS18,Cartesian product of independently thresholded descriptor IDs
25,20,CAT25_PS20,Cartesian product of independently thresholded descriptor IDs
25,28,CAT25_PS28,Cartesian product of independently thresholded descriptor IDs
25,33,CAT25_PS33,Cartesian product of independently thresholded descriptor IDs
25,36,CAT25_PS36,Cartesian product of independently thresholded descriptor IDs
25,41,CAT25_PS41,Cartesian product of independently thresholded descriptor IDs
26,1,CAT26_PS1,Cartesian product of independently thresholded descriptor IDs
26,4,CAT26_PS4,Cartesian product of independently thresholded descriptor IDs
26,12,CAT26_PS12,Cartesian product of independently thresholded descriptor IDs
26,17,CAT26_PS17,Cartesian product of independently thresholded descriptor IDs
26,18,CAT26_PS18,Cartesian product of independently thresholded descriptor IDs
26,20,CAT26_PS20,Cartesian product of independently thresholded descriptor IDs
26,28,CAT26_PS28,Cartesian product of independently thresholded descriptor IDs
26,33,CAT26_PS33,Cartesian product of independently thresholded descriptor IDs
26,36,CAT26_PS36,Cartesian product of independently thresholded descriptor IDs
26,41,CAT26_PS41,Cartesian product of independently thresholded descriptor IDs
27,1,CAT27_PS1,Cartesian product of independently thresholded descriptor IDs
27,4,CAT27_PS4,Cartesian product of independently thresholded descriptor IDs
27,12,CAT27_PS12,Cartesian product of independently thresholded descriptor IDs
27,17,CAT27_PS17,Cartesian product of independently thresholded descriptor IDs
27,18,CAT27_PS18,Cartesian product of independently thresholded descriptor IDs
27,20,CAT27_PS20,Cartesian product of independently thresholded descriptor IDs
27,28,CAT27_PS28,Cartesian product of independently thresholded descriptor IDs
27,33,CAT27_PS33,Cartesian product of independently thresholded descriptor IDs
27,36,CAT27_PS36,Cartesian product of independently thresholded descriptor IDs
27,41,CAT27_PS41,Cartesian product of independently thresholded descriptor IDs
37,1,CAT37_PS1,Cartesian product of independently thresholded descriptor IDs
37,4,CAT37_PS4,Cartesian product of independently thresholded descriptor IDs
37,12,CAT37_PS12,Cartesian product of independently thresholded descriptor IDs
37,17,CAT37_PS17,Cartesian product of independently thresholded descriptor IDs
37,18,CAT37_PS18,Cartesian product of independently thresholded descriptor IDs
37,20,CAT37_PS20,Cartesian product of independently thresholded descriptor IDs
37,28,CAT37_PS28,Cartesian product of independently thresholded descriptor IDs
37,33,CAT37_PS33,Cartesian product of independently thresholded descriptor IDs
37,36,CAT37_PS36,Cartesian product of independently thresholded descriptor IDs
37,41,CAT37_PS41,Cartesian product of independently thresholded descriptor IDs
38,1,CAT38_PS1,Cartesian product of independently thresholded descriptor IDs
38,4,CAT38_PS4,Cartesian product of independently thresholded descriptor IDs
38,12,CAT38_PS12,Cartesian product of independently thresholded descriptor IDs
38,17,CAT38_PS17,Cartesian product of independently thresholded descriptor IDs
38,18,CAT38_PS18,Cartesian product of independently thresholded descriptor IDs
38,20,CAT38_PS20,Cartesian product of independently thresholded descriptor IDs
38,28,CAT38_PS28,Cartesian product of independently thresholded descriptor IDs
38,33,CAT38_PS33,Cartesian product of independently thresholded descriptor IDs
38,36,CAT38_PS36,Cartesian product of independently thresholded descriptor IDs
38,41,CAT38_PS41,Cartesian product of independently thresholded descriptor IDs
39,1,CAT39_PS1,Cartesian product of independently thresholded descriptor IDs
39,4,CAT39_PS4,Cartesian product of independently thresholded descriptor IDs
39,12,CAT39_PS12,Cartesian product of independently thresholded descriptor IDs
39,17,CAT39_PS17,Cartesian product of independently thresholded descriptor IDs
39,18,CAT39_PS18,Cartesian product of independently thresholded descriptor IDs
39,20,CAT39_PS20,Cartesian product of independently thresholded descriptor IDs
39,28,CAT39_PS28,Cartesian product of independently thresholded descriptor IDs
39,33,CAT39_PS33,Cartesian product of independently thresholded descriptor IDs
39,36,CAT39_PS36,Cartesian product of independently thresholded descriptor IDs
39,41,CAT39_PS41,Cartesian product of independently thresholded descriptor IDs
49,1,CAT49_PS1,Cartesian product of independently thresholded descriptor IDs
49,4,CAT49_PS4,Cartesian product of independently thresholded descriptor IDs
49,12,CAT49_PS12,Cartesian product of independently thresholded descriptor IDs
49,17,CAT49_PS17,Cartesian product of independently thresholded descriptor IDs
49,18,CAT49_PS18,Cartesian product of independently thresholded descriptor IDs
49,20,CAT49_PS20,Cartesian product of independently thresholded descriptor IDs
49,28,CAT49_PS28,Cartesian product of independently thresholded descriptor IDs
49,33,CAT49_PS33,Cartesian product of independently thresholded descriptor IDs
49,36,CAT49_PS36,Cartesian product of independently thresholded descriptor IDs
49,41,CAT49_PS41,Cartesian product of independently thresholded descriptor IDs
50,1,CAT50_PS1,Cartesian product of independently thresholded descriptor IDs
50,4,CAT50_PS4,Cartesian product of independently thresholded descriptor IDs
50,12,CAT50_PS12,Cartesian product of independently thresholded descriptor IDs
50,17,CAT50_PS17,Cartesian product of independently thresholded descriptor IDs
50,18,CAT50_PS18,Cartesian product of independently thresholded descriptor IDs
50,20,CAT50_PS20,Cartesian product of independently thresholded descriptor IDs
50,28,CAT50_PS28,Cartesian product of independently thresholded descriptor IDs
50,33,CAT50_PS33,Cartesian product of independently thresholded descriptor IDs
50,36,CAT50_PS36,Cartesian product of independently thresholded descriptor IDs
50,41,CAT50_PS41,Cartesian product of independently thresholded descriptor IDs
51,1,CAT51_PS1,Cartesian product of independently thresholded descriptor IDs
51,4,CAT51_PS4,Cartesian product of independently thresholded descriptor IDs
51,12,CAT51_PS12,Cartesian product of independently thresholded descriptor IDs
51,17,CAT51_PS17,Cartesian product of independently thresholded descriptor IDs
51,18,CAT51_PS18,Cartesian product of independently thresholded descriptor IDs
51,20,CAT51_PS20,Cartesian product of independently thresholded descriptor IDs
51,28,CAT51_PS28,Cartesian product of independently thresholded descriptor IDs
51,33,CAT51_PS33,Cartesian product of independently thresholded descriptor IDs
51,36,CAT51_PS36,Cartesian product of independently thresholded descriptor IDs
51,41,CAT51_PS41,Cartesian product of independently thresholded descriptor IDs
61,1,CAT61_PS1,Cartesian product of independently thresholded descriptor IDs
61,4,CAT61_PS4,Cartesian product of independently thresholded descriptor IDs
61,12,CAT61_PS12,Cartesian product of independently thresholded descriptor IDs
61,17,CAT61_PS17,Cartesian product of independently thresholded descriptor IDs
61,18,CAT61_PS18,Cartesian product of independently thresholded descriptor IDs
61,20,CAT61_PS20,Cartesian product of independently thresholded descriptor IDs
61,28,CAT61_PS28,Cartesian product of independently thresholded descriptor IDs
61,33,CAT61_PS33,Cartesian product of independently thresholded descriptor IDs
61,36,CAT61_PS36,Cartesian product of independently thresholded descriptor IDs
61,41,CAT61_PS41,Cartesian product of independently thresholded descriptor IDs
62,1,CAT62_PS1,Cartesian product of independently thresholded descriptor IDs
62,4,CAT62_PS4,Cartesian product of independently thresholded descriptor IDs
62,12,CAT62_PS12,Cartesian product of independently thresholded descriptor IDs
62,17,CAT62_PS17,Cartesian product of independently thresholded descriptor IDs
62,18,CAT62_PS18,Cartesian product of independently thresholded descriptor IDs
62,20,CAT62_PS20,Cartesian product of independently thresholded descriptor IDs
62,28,CAT62_PS28,Cartesian product of independently thresholded descriptor IDs
62,33,CAT62_PS33,Cartesian product of independently thresholded descriptor IDs
62,36,CAT62_PS36,Cartesian product of independently thresholded descriptor IDs
62,41,CAT62_PS41,Cartesian product of independently thresholded descriptor IDs
63,1,CAT63_PS1,Cartesian product of independently thresholded descriptor IDs
63,4,CAT63_PS4,Cartesian product of independently thresholded descriptor IDs
63,12,CAT63_PS12,Cartesian product of independently thresholded descriptor IDs
63,17,CAT63_PS17,Cartesian product of independently thresholded descriptor IDs
63,18,CAT63_PS18,Cartesian product of independently thresholded descriptor IDs
63,20,CAT63_PS20,Cartesian product of independently thresholded descriptor IDs
63,28,CAT63_PS28,Cartesian product of independently thresholded descriptor IDs
63,33,CAT63_PS33,Cartesian product of independently thresholded descriptor IDs
63,36,CAT63_PS36,Cartesian product of independently thresholded descriptor IDs
63,41,CAT63_PS41,Cartesian product of independently thresholded descriptor IDs
