coupling,row_block,n_rows,term,component,mean_absolute,rms,bias
J,all_1000,1000,cat,sum_xyz,116.34298185868934,179.11931730560121,7.4984042804316475
J,all_1000,1000,cat,x,107.81086077734822,169.53798652517358,7.6956280331971225
J,all_1000,1000,cat,y,27.91482020551675,51.92124108768666,-1.4152320145364459
J,all_1000,1000,cat,z,13.738549820281573,27.6799759306105,1.2180082617709673
J,all_1000,1000,ps,sum_xyz,68.63477664870474,144.81877666980606,2.011349840044727
J,all_1000,1000,ps,x,43.99499718354139,99.33861577673585,3.1018302860533784
J,all_1000,1000,ps,y,39.8169818700788,85.3373231850418,-1.0163170645501798
J,all_1000,1000,ps,z,12.599576948857472,34.0546597748947,-0.0741633814584718
J,all_1000,1000,cross,sum_xyz,25.363855696808006,52.5574099397782,-0.9455884053237318
J,all_1000,1000,cross,x,17.804718074834323,40.97568014720887,0.3907195359709794
J,all_1000,1000,cross,y,12.614926272874476,26.535409082285568,-1.1346647899324125
J,all_1000,1000,cross,z,4.655467015791479,10.585530740837056,-0.20164315136229802
J,all_1000,1000,first,sum_xyz,151.2404604212345,241.03306579958345,9.509754120476373
J,all_1000,1000,first,x,124.73797404435763,201.75319851717478,10.797458319250502
J,all_1000,1000,first,y,62.13497230473717,108.74028096764309,-2.4315490790866248
J,all_1000,1000,first,z,21.424472348037277,45.28826459364644,1.1438448803124959
J,all_1000,1000,total,sum_xyz,145.6712708144983,224.14468980605733,8.564165715152638
J,all_1000,1000,total,x,122.9232159910506,191.4285479238299,11.188177855221484
J,all_1000,1000,total,y,53.68557792046746,97.4409448091104,-3.566213869019039
J,all_1000,1000,total,z,19.98833552489298,41.76042943557692,0.9422017289501974
J,first_900,900,cat,sum_xyz,115.14227971570338,176.93254560923856,8.424356894240237
J,first_900,900,cat,x,106.76967969311004,167.61275103159346,8.216515114634497
J,first_900,900,cat,y,28.485616044839173,53.030722175912224,-0.9659551293137685
J,first_900,900,cat,z,13.00697299127699,26.851072988654362,1.1737969089195113
J,first_900,900,ps,sum_xyz,69.55684158116675,148.33209833587614,2.7264079114021342
J,first_900,900,ps,x,43.43320274390906,101.02405194669011,3.527118436319121
J,first_900,900,ps,y,40.356912887910916,87.50465588799598,-0.8829934754110661
J,first_900,900,ps,z,13.092533892989454,35.636730446915436,0.0822829504940786
J,first_900,900,cross,sum_xyz,25.427830188622917,53.791722782817224,-1.0219625492900395
J,first_900,900,cross,x,17.554214227135983,41.67551120900093,0.5508302174610072
J,first_900,900,cross,y,12.86224575144771,27.487845323228196,-1.411435184210995
J,first_900,900,cross,z,4.56640960988072,10.693986428504653,-0.1613575825400516
J,first_900,900,first,sum_xyz,151.03119704739203,242.00404149819136,11.15076480564237
J,first_900,900,first,x,123.88586638590324,200.39052711740297,11.743633550953616
J,first_900,900,first,y,63.64778053928623,111.52581790331871,-1.8489486047248354
J,first_900,900,first,z,21.07827476663248,45.87997126540773,1.25607985941359
J,first_900,900,total,sum_xyz,145.78058894241215,224.9322899533272,10.128802256352326
J,first_900,900,total,x,122.1958812984685,190.5112714179906,12.294463768414623
J,first_900,900,total,y,54.66240487797657,99.7200307426531,-3.2603837889358287
J,first_900,900,total,z,19.610717076623317,42.28124488655081,1.094722276873538
J,last_100,100,cat,sum_xyz,127.149301145563,197.71486301833517,-0.8351692438456688
J,last_100,100,cat,x,117.18149053549178,185.9703739166241,3.0076443002607967
J,last_100,100,cat,y,22.77765765161495,40.59353779073359,-5.45872398154054
J,last_100,100,cat,z,20.322741281322795,34.24893559533451,1.615910437434072
J,last_100,100,ps,sum_xyz,60.33619225654677,108.18076627051322,-4.42417280217193
J,last_100,100,ps,x,49.051147140232345,82.6370026007216,-0.7257630663383046
J,last_100,100,ps,y,34.95760270958971,62.53802095680213,-2.2162293668022004
J,last_100,100,ps,z,8.162964451669646,12.93868275070242,-1.4821803690314224
J,last_100,100,cross,sum_xyz,24.788085270473815,39.76013627099189,-0.258221109626961
J,last_100,100,cross,x,20.05925270411937,34.03570954864335,-1.0502765974392703
J,last_100,100,cross,y,10.389050965715356,15.525610681031827,1.3562687585748272
J,last_100,100,cross,z,5.456983668988309,9.554187514105418,-0.564213270762516
J,last_100,100,first,sum_xyz,153.1238307858169,232.11157483921045,-5.259342046017594
J,last_100,100,first,x,132.40694297044718,213.62645176473296,2.281881233922488
J,last_100,100,first,y,48.51969819379555,79.38774790974858,-7.674953348342739
J,last_100,100,first,z,24.54025058068049,39.56669343285517,0.1337300684026501
J,last_100,100,total,sum_xyz,144.68740766327358,216.92764717690466,-5.5175631556445675
J,last_100,100,total,x,129.46922822428945,199.49433266779016,1.2316046364832227
J,last_100,100,total,y,44.89413530288543,73.82829045210195,-6.318684589767912
J,last_100,100,total,z,23.3869015593199,36.74236851415103,-0.43048320235986615
Jstar,all_1000,1000,cat,sum_xyz,0.2248304546897836,0.37923856139943485,0.01573059699131275
Jstar,all_1000,1000,cat,x,0.18220726483538258,0.32209942593786367,0.02233172578331788
Jstar,all_1000,1000,cat,y,0.04871819538875232,0.10572018126215152,-0.00451427793553776
Jstar,all_1000,1000,cat,z,0.07701361150963523,0.12847978870642304,-0.0020868508564673718
Jstar,all_1000,1000,ps,sum_xyz,0.20694455618431593,0.36464541707318304,-0.0075453212217983555
Jstar,all_1000,1000,ps,x,0.1756112235840699,0.32156899915246573,-0.003765931498384619
Jstar,all_1000,1000,ps,y,0.04116909299838355,0.08011470161622417,0.0010826070655779864
Jstar,all_1000,1000,ps,z,0.05732297471368751,0.11929229875294155,-0.004861996788991722
Jstar,all_1000,1000,cross,sum_xyz,0.09519070191501512,0.1781877656859292,-0.007888272936073486
Jstar,all_1000,1000,cross,x,0.0775099291542099,0.14704007154616833,-0.005367814227087051
Jstar,all_1000,1000,cross,y,0.01792207827011623,0.04608516265196337,0.0018619806504690235
Jstar,all_1000,1000,cross,z,0.03469839385925626,0.07396763029907316,-0.004382439359455457
Jstar,all_1000,1000,first,sum_xyz,0.36107419370685623,0.5963737668997183,0.008185275769514397
Jstar,all_1000,1000,first,x,0.3057176143935919,0.5200086601497271,0.01856579428493326
Jstar,all_1000,1000,first,y,0.07887542718273712,0.14790192118883072,-0.0034316708699597747
Jstar,all_1000,1000,first,z,0.11412561063543833,0.19945776115581182,-0.006948847645459094
Jstar,all_1000,1000,total,sum_xyz,0.31172253067263406,0.49451059980418066,0.0002970028334409154
Jstar,all_1000,1000,total,x,0.26368496939345937,0.43477975113762257,0.013197980057846215
Jstar,all_1000,1000,total,y,0.06804662351234876,0.1191177613918401,-0.0015696902194907514
Jstar,all_1000,1000,total,z,0.09485091388172388,0.15736890228852568,-0.011331287004914554
Jstar,first_900,900,cat,sum_xyz,0.22494704319441824,0.38481718111174407,0.015838674441517046
Jstar,first_900,900,cat,x,0.18283564523355292,0.32616158531603634,0.02273630438408358
Jstar,first_900,900,cat,y,0.048172651463035315,0.10645488237307744,-0.004836593084051655
Jstar,first_900,900,cat,z,0.07686379157477383,0.12921904849997215,-0.002061036858514875
Jstar,first_900,900,ps,sum_xyz,0.21230878258662333,0.3724213273603051,-0.013573977744428305
Jstar,first_900,900,ps,x,0.1806435497151962,0.3279763199335888,-0.007671789240439383
Jstar,first_900,900,ps,y,0.04118695839357274,0.08085148300803696,0.0005787625067441095
Jstar,first_900,900,ps,z,0.057543725330676254,0.12093182259961753,-0.006480951010733035
Jstar,first_900,900,cross,sum_xyz,0.09653689115340455,0.1805554934663876,-0.007228048041500426
Jstar,first_900,900,cross,x,0.07778029584951208,0.14754662136015595,-0.005125445006925411
Jstar,first_900,900,cross,y,0.0178474212760631,0.04735959319151032,0.002115722270529388
Jstar,first_900,900,cross,z,0.03472612348426288,0.07481130069289126,-0.004218325305104403
Jstar,first_900,900,first,sum_xyz,0.3663417274122608,0.6081139677229346,0.0022646966970887384
Jstar,first_900,900,first,x,0.3093129419052021,0.5283844518303189,0.015064515143644194
Jstar,first_900,900,first,y,0.07791680007201623,0.14880509775688686,-0.004257830577307544
Jstar,first_900,900,first,z,0.11393500784132085,0.2016805280520273,-0.00854198786924791
Jstar,first_900,900,total,sum_xyz,0.3165647712185345,0.5039196148168684,-0.004963351344411687
Jstar,first_900,900,total,x,0.2674800296540328,0.44182753829555077,0.009939070136718785
Jstar,first_900,900,total,y,0.06711569492813418,0.11864472441355976,-0.0021421083067781578
Jstar,first_900,900,total,z,0.09496754224451094,0.15863433546596617,-0.012760313174352314
Jstar,last_100,100,cat,sum_xyz,0.2237811581480721,0.32474682233091967,0.014757899939474113
Jstar,last_100,100,cat,x,0.1765518412518493,0.2829275247694762,0.018690518376426667
Jstar,last_100,100,cat,y,0.05362809072020545,0.09886247736846336,-0.0016134415989127026
Jstar,last_100,100,cat,z,0.07836199092338797,0.12162441614794188,-0.0023191768380398476
Jstar,last_100,100,ps,sum_xyz,0.15866651856354946,0.2852788044518069,0.046712587481871216
Jstar,last_100,100,ps,x,0.13032028840393312,0.25680734846294223,0.03138678818010823
Jstar,last_100,100,ps,y,0.04100830444168075,0.07315048468175937,0.005617208095082867
Jstar,last_100,100,ps,z,0.05533621916078872,0.10337298468276089,0.009708591206680104
Jstar,last_100,100,cross,sum_xyz,0.08307499876951022,0.15526178671334215,-0.013830296987231013
Jstar,last_100,100,cross,x,0.07507662889649029,0.14240006014692536,-0.007549137208541814
Jstar,last_100,100,cross,y,0.018593991216594354,0.032435205582685055,-0.00042169393007425953
Jstar,last_100,100,cross,z,0.03444882723419667,0.06589026421516266,-0.005859465848614944
Jstar,last_100,100,first,sum_xyz,0.313666390358216,0.47790513577908217,0.06147048742134532
Jstar,last_100,100,first,x,0.27335966678910034,0.43746874846428024,0.05007730655653491
Jstar,last_100,100,first,y,0.08750307117922501,0.13951046142688023,0.0040037664961701655
Jstar,last_100,100,first,z,0.11584103578249559,0.17820961336243196,0.007389414368640255
Jstar,last_100,100,total,sum_xyz,0.2681423657595296,0.3999906616563396,0.04764019043411433
Jstar,last_100,100,total,x,0.22952942704829854,0.3652809297324088,0.04252816934799309
Jstar,last_100,100,total,y,0.07642498077028001,0.12329345120284214,0.0035820725660959045
Jstar,last_100,100,total,z,0.09380125861664038,0.14548554078119638,0.0015299485200253096
